user,assistant,,,,,,,,,,,,,
解体,今すぐ客キーワード,,,,,,,,,,,,解体 広島、解体 相場,"このキーワードは「今すぐ客」です
解体 広島

このキーワードは「後から客」です
解体 相場"
解体 岡山,今すぐ客キーワード,,,,,,,,,,,,解体、解体　山口、解体　相場、解体　補助金,"このキーワードは「今すぐ客」です
解体
解体　山口

このキーワードは「後から客」です
解体　相場
解体　補助金"
解体 相場,後から客キーワード,,,,,,,,,,,,便利屋、便利屋　料金、便利屋　相場、便利屋　開業,"このキーワードは「今すぐ客」です
便利屋　料金
便利屋　相場

このキーワードは「後から客」です
便利屋
便利屋　開業"
解体 補助金,後から客キーワード,,,,,,,,,,,,不用品回収、不用品回収　業者、不用品回収　相場、不用品回収　費用,"このキーワードは「今すぐ客」です
不用品回収
不用品回収　業者
不用品回収　相場
不用品回収　費用"
便利屋,今すぐ客キーワード,,,,,,,,,,,,何でも屋、何でも屋　岡山、便利屋　出来ること、便利屋　費用,"このキーワードは「今すぐ客」です
何でも屋
何でも屋　岡山
便利屋　費用

このキーワードは「後から客」です
便利屋　出来ること"
何でも屋,今すぐ客キーワード,,,,,,,,,,,,解体　料金、解体　広島、解体　費用、解体　手順,"このキーワードは「今すぐ客」です
解体　料金
解体　広島

このキーワードは「後から客」です
解体　費用
解体　手順"
便利屋 相場,今すぐ客キーワード,,,,,,,,,,,,便利屋　24時間、便利屋　岡山、便利屋　資格、便利屋　業者,"このキーワードは「今すぐ客」です
便利屋　24時間
便利屋　岡山
便利屋　業者

このキーワードは「後から客」です
便利屋　資格"
便利屋 料金,今すぐ客キーワード,,,,,,,,,,,,不用品回収　即日、不用品回収　トラック　積み放題、不用品回収　相場、不用品回収　料金　目安,"このキーワードは「今すぐ客」です
不用品回収　即日
不用品回収　トラック　積み放題
不用品回収　相場

このキーワードは「後から客」です
不用品回収　料金　目安"
解体 料金,今すぐ客キーワード,,,,,,,,,,,,解体　業者、解体　見積もり、解体　工期　目安、解体　補助金　岡山,"このキーワードは「今すぐ客」です
解体　業者
解体　見積もり

このキーワードは「後から客」です
解体　工期　目安
解体　補助金　岡山"
便利屋 出来ること,後から客キーワード,,,,,,,,,,,,便利屋　ゴミ屋敷　片付け、何でも屋　広島,"このキーワードは「今すぐ客」です
便利屋　ゴミ屋敷　片付け
何でも屋　広島"
便利屋 開業,後から客キーワード,,,,,,,,,,,,不用品回収　広島、不用品回収　家電、不用品回収　費用、不用品回収　比較,"このキーワードは「今すぐ客」です
不用品回収　広島
不用品回収　家電
不用品回収　費用

このキーワードは「後から客」です
不用品回収　比較"
便利屋 引越し,今すぐ客キーワード,,,,,,,,,,,,,
解体 費用,後から客キーワード,,,,,,,,,,,,,
不用品回収,今すぐ客キーワード,,,,,,,,,,,,,
不用品回収　オススメ,今すぐ客キーワード,,,,,,,,,,,,,
不用品回収　業者,今すぐ客キーワード,,,,,,,,,,,,,
不用品回収　相場,今すぐ客キーワード,,,,,,,,,,,,,
不用品回収　費用,今すぐ客キーワード,,,,,,,,,,,,,
解体 岡山 業者,今すぐ客キーワード,,,,,,,,,,,,,
解体 岡山 見積もり,今すぐ客キーワード,,,,,,,,,,,,,
解体 広島 見積 無料,今すぐ客キーワード,,,,,,,,,,,,,
解体 山口 即日 対応,今すぐ客キーワード,,,,,,,,,,,,,
家 解体 岡山,今すぐ客キーワード,,,,,,,,,,,,,
建物 解体 広島 業者,今すぐ客キーワード,,,,,,,,,,,,,
倉庫 解体 見積,今すぐ客キーワード,,,,,,,,,,,,,
何でも屋 岡山 即日,今すぐ客キーワード,,,,,,,,,,,,,
便利屋 岡山 引越し 手伝い,今すぐ客キーワード,,,,,,,,,,,,,
便利屋 広島 ゴミ屋敷 片付け,今すぐ客キーワード,,,,,,,,,,,,,
便利屋 24時間 即日,今すぐ客キーワード,,,,,,,,,,,,,
不用品回収 岡山 即日,今すぐ客キーワード,,,,,,,,,,,,,
不用品回収 広島 トラック 積み放題,今すぐ客キーワード,,,,,,,,,,,,,
不用品回収 家電 回収 即日,今すぐ客キーワード,,,,,,,,,,,,,
不用品回収 粗大ゴミ 出張,今すぐ客キーワード,,,,,,,,,,,,,
解体 岡山 相場,後から客キーワード,,,,,,,,,,,,,
解体 広島 補助金,後から客キーワード,,,,,,,,,,,,,
解体 費用 相場,後から客キーワード,,,,,,,,,,,,,
解体 手順 マニュアル,後から客キーワード,,,,,,,,,,,,,
解体 工期 目安,後から客キーワード,,,,,,,,,,,,,
便利屋 開業 方法,後から客キーワード,,,,,,,,,,,,,
便利屋 岡山 費用 相場,後から客キーワード,,,,,,,,,,,,,
便利屋 資格 取得,後から客キーワード,,,,,,,,,,,,,
便利屋 仕事内容 事例,後から客キーワード,,,,,,,,,,,,,
不用品回収 費用 相場,後から客キーワード,,,,,,,,,,,,,
不用品回収 岡山 料金 目安,後から客キーワード,,,,,,,,,,,,,
不用品回収 業者 比較,後から客キーワード,,,,,,,,,,,,,
不用品回収 トラック 積み放題 相場,後から客キーワード,,,,,,,,,,,,,
不用品回収 広島 費用,今すぐ客キーワード,,,,,,,,,,,,,
"解体
解体 相場
解体 岡山","【今すぐ客キーワード】
解体
解体 岡山

【後から客キーワード】
解体 相場",,,,,,,,,,,,,
"便利屋
便利屋 料金
便利屋 開業","【今すぐ客キーワード】
便利屋
便利屋 料金

【後から客キーワード】
便利屋 開業",,,,,,,,,,,,,
"不用品回収
不用品回収 業者
不用品回収 費用 相場","【今すぐ客キーワード】
不用品回収
不用品回収 業者

【後から客キーワード】
不用品回収 費用 相場",,,,,,,,,,,,,
"何でも屋
何でも屋 岡山 即日
便利屋 出来ること","【今すぐ客キーワード】
何でも屋
何でも屋 岡山 即日

【後から客キーワード】
便利屋 出来ること",,,,,,,,,,,,,
"解体 費用
解体 料金
解体 手順 マニュアル","【今すぐ客キーワード】
解体 料金

【後から客キーワード】
解体 費用
解体 手順 マニュアル",,,,,,,,,,,,,
"便利屋 ビジネス モデル
便利屋 24時間 即日
便利屋 相場","【今すぐ客キーワード】
便利屋 24時間 即日
便利屋 相場

【後から客キーワード】
便利屋 ビジネス モデル",,,,,,,,,,,,,
"不用品回収 オススメ
不用品回収 相場
不用品回収 トラック 積み放題 相場","【今すぐ客キーワード】
不用品回収 オススメ
不用品回収 相場

【後から客キーワード】
不用品回収 トラック 積み放題 相場",,,,,,,,,,,,,
"解体 山口 即日 対応
家 解体 岡山
解体 工期 目安","【今すぐ客キーワード】
解体 山口 即日 対応
家 解体 岡山

【後から客キーワード】
解体 工期 目安",,,,,,,,,,,,,
"便利屋 岡山 引越し 手伝い
便利屋 資格 取得
便利屋 相場","【今すぐ客キーワード】
便利屋 岡山 引越し 手伝い
便利屋 相場

【後から客キーワード】
便利屋 資格 取得",,,,,,,,,,,,,
"不用品回収 広島 費用
不用品回収 相場
不用品回収 業者 比較","【今すぐ客キーワード】
不用品回収 広島 費用
不用品回収 相場

【後から客キーワード】
不用品回収 業者 比較",,,,,,,,,,,,,
"不用品回収 費用 相場
解体 広島 見積 無料
解体 補助金
解体 費用","【今すぐ客キーワード】
解体 広島 見積 無料

【後から客キーワード】
解体 補助金
解体 費用
不用品回収 費用 相場",,,,,,,,,,,,,
"便利屋 相場
便利屋 開業
便利屋 出来ること","【今すぐ客キーワード】
便利屋 相場

【後から客キーワード】
便利屋 開業
便利屋 出来ること",,,,,,,,,,,,,
"不用品回収
不用品回収 相場
不用品回収 業者 比較","【今すぐ客キーワード】
不用品回収
不用品回収 相場

【後から客キーワード】
不用品回収 業者 比較",,,,,,,,,,,,,
"何でも屋 岡山 即日
便利屋","【今すぐ客キーワード】
何でも屋 岡山 即日
便利屋",,,,,,,,,,,,,
"解体 岡山
解体 相場
解体 工期 目安","【今すぐ客キーワード】
解体 岡山

【後から客キーワード】
解体 相場
解体 工期 目安",,,,,,,,,,,,,
"不用品回収 オススメ
不用品回収 費用 相場
不用品回収 家電 回収 即日","【今すぐ客キーワード】
不用品回収 オススメ
不用品回収 家電 回収 即日

【後から客キーワード】
不用品回収 費用 相場",,,,,,,,,,,,,
"便利屋 資格 取得
便利屋 料金","【今すぐ客キーワード】
便利屋 料金

【後から客キーワード】
便利屋 資格 取得",,,,,,,,,,,,,
"解体 山口 即日 対応
解体 補助金
解体 手順 マニュアル","【今すぐ客キーワード】
解体 山口 即日 対応

【後から客キーワード】
解体 補助金
解体 手順 マニュアル",,,,,,,,,,,,,
"不用品回収 トラック 積み放題 相場
不用品回収 粗大ゴミ 出張","【今すぐ客キーワード】
不用品回収 粗大ゴミ 出張

【後から客キーワード】
不用品回収 トラック 積み放題 相場",,,,,,,,,,,,,
"便利屋 広島 ゴミ屋敷 片付け
便利屋 相場","【今すぐ客キーワード】
便利屋 広島 ゴミ屋敷 片付け
便利屋 相場",,,,,,,,,,,,,
"解体 岡山
解体 料金
解体","【今すぐ客キーワード】
解体 岡山
解体 料金
解体",,,,,,,,,,,,,
"不用品回収 家電 回収 即日
不用品回収 業者","【今すぐ客キーワード】
不用品回収 家電 回収 即日
不用品回収 業者",,,,,,,,,,,,,
"解体 相場
解体 費用
解体 手順 マニュアル","【後から客キーワード】
解体 相場
解体 費用
解体 手順 マニュアル",,,,,,,,,,,,,
"便利屋 開業
便利屋 ビジネス モデル","【後から客キーワード】
便利屋 開業
便利屋 ビジネス モデル",,,,,,,,,,,,,
"何でも屋 岡山 即日
便利屋 24時間 即日","【今すぐ客キーワード】
何でも屋 岡山 即日
便利屋 24時間 即日",,,,,,,,,,,,,
"不用品回収 費用 相場
不用品回収 業者 比較","【後から客キーワード】
不用品回収 費用 相場
不用品回収 業者 比較",,,,,,,,,,,,,
"解体 広島 見積 無料
建物 解体 広島 業者","【今すぐ客キーワード】
解体 広島 見積 無料
建物 解体 広島 業者",,,,,,,,,,,,,
"便利屋 岡山 費用 相場
便利屋 資格 取得
便利屋 仕事内容 事例","【後から客キーワード】
便利屋 岡山 費用 相場
便利屋 資格 取得
便利屋 仕事内容 事例",,,,,,,,,,,,,
"不用品回収
不用品回収 相場
不用品回収 広島 費用","【今すぐ客キーワード】
不用品回収
不用品回収 相場
不用品回収 広島 費用",,,,,,,,,,,,,
"解体 広島 補助金
解体 岡山 相場","【後から客キーワード】
解体 広島 補助金
解体 岡山 相場",,,,,,,,,,,,,
"便利屋68
便利屋 68
便利屋斎藤さん
便利屋 斎藤さん
便利屋68業務日誌
便利屋 68 業務日誌
便利屋 斎藤さん異世界に行く
便利屋 やめとけ
便利屋 開業
便利屋68業務日誌 raw
便利屋斎藤さん アニメ
便利屋 68 業務日誌 raw
便利屋 英語
便利屋
便利屋 料金表
便利屋さん
便利屋お助け本舗
便利屋 お助け本舗
便利屋 札幌
便利屋 近く
便利屋お助けマスター
便利屋 大阪
便利屋 お助けマスター
便利屋 チラシ
便利屋 荷物運び 料金
便利屋 和歌山
便利屋 引っ越し
便利屋 引越し
便利屋 引越
便利屋 名古屋
便利屋 福岡
便利屋 ダリア （特定の業者名の可能性があるため）
便利屋 求人
便利屋 東京
便利屋 新潟
便利屋 猫の手
便利屋 ねこのて
便利屋 ネコの手
便利屋 横浜
便利屋 栄町
便利屋 500円
便利屋 千葉
便利屋 宇都宮
便利屋 沖縄
便利屋 岡山
便利屋先生
便利屋 先生
便利屋 できないこと
便利屋68 漫画
便利屋 漫画","【今すぐ客キーワード】
便利屋
便利屋 料金表
便利屋さん
便利屋お助け本舗
便利屋 お助け本舗
便利屋 札幌
便利屋 近く
便利屋お助けマスター
便利屋 大阪
便利屋 お助けマスター
便利屋 チラシ
便利屋 荷物運び 料金
便利屋 和歌山
便利屋 引っ越し
便利屋 引越し
便利屋 引越
便利屋 名古屋
便利屋 福岡
便利屋 ダリア （特定の業者名の可能性があるため）
便利屋 求人
便利屋 東京
便利屋 新潟
便利屋 猫の手
便利屋 ねこのて
便利屋 ネコの手
便利屋 横浜
便利屋 栄町
便利屋 500円
便利屋 千葉
便利屋 宇都宮
便利屋 沖縄
便利屋 岡山

後から客キーワード
便利屋68
便利屋 68
便利屋斎藤さん
便利屋 斎藤さん
便利屋68業務日誌
便利屋 68 業務日誌
便利屋 斎藤さん異世界に行く
便利屋先生
便利屋 先生
便利屋 できないこと
便利屋68 漫画
便利屋 漫画
便利屋 やめとけ
便利屋 開業
便利屋68業務日誌 raw
便利屋斎藤さん アニメ
便利屋 68 業務日誌 raw
便利屋 英語",,,,,,,,,,,,,
"便利屋 相場
便利屋出来ること
便利屋開業
便利屋開業方法
便利屋資格取得
不用品回収 オススメ
不用品回収 業者
不用品回収 広島
不用品回収 広島 トラック積み放題
不用品回収 広島費用
何でも屋
何でも屋 岡山 即日
家解体 岡山
解体
解体 岡山
解体 岡山 業者
解体 岡山 見積もり
解体 広島
解体 広島 見積無料
解体 山口
解体 山口即日対応
解体業者
解体料金
倉庫解体見積
建物解体 広島
便利屋 24時間
便利屋 24時間 即日
便利屋 ゴミ屋敷
便利屋 岡山 引越し手伝い
便利屋 広島 ゴミ屋敷片付け
便利屋 料金
便利屋引越し
不用品回収 即日
不用品回収費用
不用品回収費用相場
不用品回収
不用品回収 トラック積み放題 相場
不用品回収 岡山 料金目安
不用品回収費用相場
不用品回収相場
不用品回収業者比較
便利屋
便利屋 ビジネスモデル
便利屋 仕事内容 事例
解体 岡山 相場
解体 相場
解体 手順 マニュアル
解体費用
解体費用 相場
解体補助金
解体工期目安","【今すぐ客キーワード】
不用品回収 オススメ
不用品回収 業者
不用品回収 広島
不用品回収 広島 トラック積み放題
不用品回収 広島費用
不用品回収 即日
不用品回収費用
不用品回収費用相場
何でも屋
何でも屋 岡山 即日
家解体 岡山
解体
解体 岡山
解体 岡山 業者
解体 岡山 見積もり
解体 広島
解体 広島 見積無料
解体 山口
解体 山口即日対応
解体業者
解体料金
倉庫解体見積
建物解体 広島
便利屋
便利屋 24時間
便利屋 24時間 即日
便利屋 ゴミ屋敷
便利屋 岡山 引越し手伝い
便利屋 広島 ゴミ屋敷片付け
便利屋 料金
便利屋引越し

【後から客キーワード】
不用品回収
不用品回収 トラック積み放題 相場
不用品回収 岡山 料金目安
不用品回収費用相場
不用品回収相場
不用品回収業者比較
便利屋 ビジネスモデル
便利屋 仕事内容 事例
便利屋 相場
便利屋出来ること
便利屋開業
便利屋開業方法
便利屋資格取得
解体 岡山 相場
解体 相場
解体 手順 マニュアル
解体費用
解体費用 相場
解体補助金
解体工期目安",,,,,,,,,,,,,
"不用品回収 オススメ
不用品回収 業者
不用品回収 即日
不用品回収費用
何でも屋
何でも屋 岡山 即日
家解体 岡山
解体
解体 岡山
解体 岡山 業者
解体 岡山 見積もり
解体 広島
解体 広島 見積無料
解体 山口
解体 山口即日対応
解体業者
解体料金
倉庫解体見積
建物解体 広島
便利屋 ビジネスモデル
便利屋 仕事内容 事例
便利屋 相場
便利屋出来ること
便利屋開業
便利屋開業方法
便利屋 24時間
便利屋 24時間 即日
便利屋 ゴミ屋敷
便利屋 岡山 引越し手伝い
便利屋 広島 ゴミ屋敷片付け
便利屋 料金
便利屋引越し
不用品回収 広島
不用品回収 広島 トラック積み放題
不用品回収 広島費用
不用品回収 家電回収即日
不用品回収
不用品回収 トラック積み放題 相場
不用品回収 岡山 料金目安
不用品回収費用相場
不用品回収相場
不用品回収業者比較
便利屋
便利屋 68
便利屋資格取得
解体 岡山 相場
解体 相場
解体 手順 マニュアル
解体費用 相場
解体補助金
解体工期目安","【今すぐ客キーワード】
不用品回収 オススメ
不用品回収 業者
不用品回収 広島
不用品回収 広島 トラック積み放題
不用品回収 広島費用
不用品回収 家電回収即日
不用品回収 即日
不用品回収費用
何でも屋
何でも屋 岡山 即日
家解体 岡山
解体
解体 岡山
解体 岡山 業者
解体 岡山 見積もり
解体 広島
解体 広島 見積無料
解体 山口
解体 山口即日対応
解体業者
解体料金
倉庫解体見積
建物解体 広島
便利屋
便利屋 24時間
便利屋 24時間 即日
便利屋 ゴミ屋敷
便利屋 岡山 引越し手伝い
便利屋 広島 ゴミ屋敷片付け
便利屋 料金
便利屋引越し

【後から客キーワード】
不用品回収
不用品回収 トラック積み放題 相場
不用品回収 岡山 料金目安
不用品回収費用相場
不用品回収相場
不用品回収業者比較
便利屋 68
便利屋 ビジネスモデル
便利屋 仕事内容 事例
便利屋 相場
便利屋出来ること
便利屋開業
便利屋開業方法
便利屋資格取得
解体 岡山 相場
解体 相場
解体 手順 マニュアル
解体費用 相場
解体補助金
解体工期目安


ソースと関連コンテンツ
",,,,,,,,,,,,,
"不用品回収
不用品回収 オススメ
不用品回収 業者
不用品回収 広島
不用品回収 即日
不用品回収費用
何でも屋
何でも屋 岡山 即日
家解体 岡山
解体
解体 岡山
解体 岡山 業者
解体 岡山 見積もり
解体 広島
解体 広島 見積無料
解体 山口
解体 山口即日対応
解体業者
解体料金
倉庫解体見積
建物解体 広島
便利屋 24時間
便利屋 料金
便利屋引越し
不用品回収 広島 トラック積み放題
不用品回収 広島費用
不用品回収 家電回収即日
不用品回収 岡山 即日
不用品回収 トラック積み放題 相場
不用品回収 岡山 料金目安
不用品回収費用相場
不用品回収相場
不用品回収業者比較
便利屋
便利屋 ビジネスモデル
便利屋 仕事内容 事例
便利屋 相場
便利屋出来ること
便利屋開業
便利屋開業方法
便利屋資格取得
不用品回収 広島 トラック積み放題
不用品回収 広島費用
不用品回収 家電回収即日
不用品回収 岡山 即日
解体 岡山 相場
解体 相場
解体 広島 補助金
解体 手順 マニュアル
解体費用 相場
解体補助金","【今すぐ客キーワード】
不用品回収
不用品回収 オススメ
不用品回収 業者
不用品回収 広島
不用品回収 広島 トラック積み放題
不用品回収 広島費用
不用品回収 家電回収即日
不用品回収 岡山 即日
不用品回収 即日
不用品回収費用
何でも屋
何でも屋 岡山 即日
家解体 岡山
解体
解体 岡山
解体 岡山 業者
解体 岡山 見積もり
解体 広島
解体 広島 見積無料
解体 山口
解体 山口即日対応
解体業者
解体料金
倉庫解体見積
建物解体 広島
便利屋
便利屋 24時間
便利屋 24時間 即日
便利屋 ゴミ屋敷
便利屋 岡山 引越し手伝い
便利屋 広島 ゴミ屋敷片付け
便利屋 料金
便利屋引越し

【後から客キーワード】
不用品回収 トラック積み放題 相場
不用品回収 岡山 料金目安
不用品回収費用相場
不用品回収相場
不用品回収業者比較
便利屋 ビジネスモデル
便利屋 仕事内容 事例
便利屋 相場
便利屋出来ること
便利屋開業
便利屋開業方法
便利屋資格取得
解体 岡山 相場
解体 相場
解体 広島 補助金
解体 手順 マニュアル
解体費用 相場
解体補助金",,,,,,,,,,,,,
"不用品回収
不用品回収 岡山 料金目安
不用品回収費用相場
不用品回収相場
不用品回収 即日
不用品回収費用
何でも屋
何でも屋 岡山 即日
家解体 岡山
解体
解体 大阪
解体 宇都宮
解体 岡山
解体 岡山 業者
解体 岡山 見積もり
解体 広島
解体 広島 見積無料
解体 山口
解体 山口即日対応
解体業者
解体料金
倉庫解体見積
建物解体 広島
不用品回収 オススメ
不用品回収 京都
不用品回収 仙台
不用品回収 和歌山
不用品回収 広島
不用品回収 広島 トラック積み放題
便利屋 24時間 即日
便利屋 さいたま市
便利屋 札幌
便利屋 栄町
便利屋 東京
便利屋 料金
便利屋引越し
不用品回収業者比較
便利屋
便利屋 68
便利屋 ビジネスモデル
便利屋 仕事内容 事例
便利屋 相場
便利屋出来ること
便利屋開業方法
便利屋資格取得
解体 岡山 相場
解体 相場
解体 手順 マニュアル
解体費用 相場
解体補助金","【今すぐ客キーワード】
不用品回収 オススメ
不用品回収 京都
不用品回収 仙台
不用品回収 和歌山
不用品回収 広島
不用品回収 広島 トラック積み放題
不用品回収 即日
不用品回収費用
何でも屋
何でも屋 岡山 即日
家解体 岡山
解体
解体 大阪
解体 宇都宮
解体 岡山
解体 岡山 業者
解体 岡山 見積もり
解体 広島
解体 広島 見積無料
解体 山口
解体 山口即日対応
解体業者
解体料金
倉庫解体見積
建物解体 広島
便利屋
便利屋 24時間 即日
便利屋 さいたま市
便利屋 札幌
便利屋 栄町
便利屋 東京
便利屋 料金
便利屋引越し

【後から客キーワード】
不用品回収
不用品回収 岡山 料金目安
不用品回収費用相場
不用品回収相場
不用品回収業者比較
便利屋 68
便利屋 ビジネスモデル
便利屋 仕事内容 事例
便利屋 相場
便利屋出来ること
便利屋開業方法
便利屋資格取得
解体 岡山 相場
解体 相場
解体 手順 マニュアル
解体費用 相場
解体補助金",,,,,,,,,,,,,
"エアコンクリーニング 横浜
ハウスクリーニング 札幌
ハウスクリーニング 大掃除 セット
不用品回収 オススメ
不用品回収 キャンペーン
不用品回収 冷蔵庫 処分
不用品回収 即日
不用品回収 土日祝
不用品回収 見積もり 無料
不用品回収 業者
不用品回収 広島
不用品回収 広島 トラック積み放題
不用品回収 広島費用
不用品回収費用
不用品回収 静岡
何でも屋
何でも屋 岡山 即日
外壁塗装 神戸
外壁塗装 シリコン 見積もり
家解体 岡山
引っ越し 仙台
引っ越し 単身パック 安い
引っ越し 女性スタッフ
解体工事 近隣挨拶
解体工期目安
鍵交換 自分で やり方
鍵交換 ディンプルキー 価格
解体
解体 岡山
解体 岡山 業者
解体 岡山 見積もり
解体 広島
解体 広島 見積無料
解体 山口
解体 山口即日対応
解体業者
解体料金
鍵交換 福岡
草むしり 川崎
倉庫解体見積
建物解体 広島
庭の手入れ さいたま市
庭の手入れ 年間契約
水回り修理 京都
水回り修理 トイレ詰まり 料金
網戸張替え 世田谷区
遺品整理 千葉
遺品整理 供養
遺品整理 ペット 対応
リフォーム 大阪
エアコンクリーニング おすすめ ランキング
エアコンクリーニング お掃除機能付き 相場
ハウスクリーニング 早朝 予約
便利屋 24時間
便利屋 24時間 即日
便利屋 ゴミ屋敷
便利屋 熊本
便利屋 激安
便利屋 電球交換 深夜
便利屋 草むしり 料金
便利屋 料金
便利屋引越し
害虫駆除 ゴキブリ 即日
害虫駆除 名古屋
エアコンクリーニング おすすめ ランキング
エアコンクリーニング お掃除機能付き 相場
ハウスクリーニング 早朝 予約
不用品回収
不用品回収 エコ
不用品回収 トラック積み放題 相場
不用品回収費用相場
不用品回収相場
不用品回収業者比較
外壁塗装 補助金 申請方法
害虫駆除 悪質業者 対策
解体 アスベスト 調査費用
解体 相場
解体 手順 マニュアル
解体費用
解体費用 相場
解体補助金
庭の手入れ 比較サイト
水回り修理 DIY 方法
リフォーム キッチン 相場
リフォーム 費用 内訳
便利屋
便利屋 68
便利屋 ビジネスモデル
便利屋 仕事内容 事例
便利屋 相場
便利屋 口コミ 良い
便利屋 損害保険 加入
便利屋出来ること
便利屋開業
便利屋開業方法
便利屋資格取得
解体 岐阜
解体 京都
解体 見積もり 内訳
解体 木造 見積もり","【今すぐ客キーワード】
エアコンクリーニング 横浜
ハウスクリーニング 札幌
ハウスクリーニング 大掃除 セット
引っ越し 仙台
引っ越し 単身パック 安い
引っ越し 女性スタッフ
不用品回収 オススメ
不用品回収 キャンペーン
不用品回収 冷蔵庫 処分
不用品回収 即日
不用品回収 土日祝
不用品回収 見積もり 無料
不用品回収 業者
不用品回収 広島
不用品回収 広島 トラック積み放題
不用品回収 広島費用
不用品回収費用
不用品回収 静岡
何でも屋
何でも屋 岡山 即日
外壁塗装 神戸
外壁塗装 シリコン 見積もり
害虫駆除 ゴキブリ 即日
害虫駆除 名古屋
家解体 岡山
解体
解体 岐阜
解体 京都
解体 見積もり 内訳
解体 木造 見積もり
解体 岡山
解体 岡山 業者
解体 岡山 見積もり
解体 広島
解体 広島 見積無料
解体 山口
解体 山口即日対応
解体業者
解体料金
鍵交換 福岡
草むしり 川崎
倉庫解体見積
建物解体 広島
庭の手入れ さいたま市
庭の手入れ 年間契約
水回り修理 京都
水回り修理 トイレ詰まり 料金
網戸張替え 世田谷区
遺品整理 千葉
遺品整理 供養
遺品整理 ペット 対応
リフォーム 大阪
便利屋 24時間
便利屋 24時間 即日
便利屋 ゴミ屋敷
便利屋 熊本
便利屋 激安
便利屋 電球交換 深夜
便利屋 草むしり 料金
便利屋 料金
便利屋引越し

【後から客キーワード】
エアコンクリーニング おすすめ ランキング
エアコンクリーニング お掃除機能付き 相場
ハウスクリーニング 早朝 予約
不用品回収
不用品回収 エコ
不用品回収 トラック積み放題 相場
不用品回収費用相場
不用品回収相場
不用品回収業者比較
外壁塗装 補助金 申請方法
害虫駆除 悪質業者 対策
解体 アスベスト 調査費用
解体 相場
解体 手順 マニュアル
解体費用
解体費用 相場
解体補助金
解体工事 近隣挨拶
解体工期目安
鍵交換 自分で やり方
鍵交換 ディンプルキー 価格
庭の手入れ 比較サイト
水回り修理 DIY 方法
リフォーム キッチン 相場
リフォーム 費用 内訳
便利屋
便利屋 68
便利屋 ビジネスモデル
便利屋 仕事内容 事例
便利屋 相場
便利屋 口コミ 良い
便利屋 損害保険 加入
便利屋出来ること
便利屋開業
便利屋開業方法
便利屋資格取得


ソースと関連コンテンツ
",,,,,,,,,,,,,
"エアコンクリーニング 岩手
ハウスクリーニング 青森
ハウスクリーニング キッチン セット
ハウスクリーニング 定期契約
雨漏り修理 原因 特定
遺品整理 見積もり 相場
リフォーム ローン
電球交換 LED
不用品回収 即日
不用品回収 業者
不用品回収 岐阜
不用品回収 広島
不用品回収 広島 トラック積み放題
不用品回収費用
何でも屋
何でも屋 岡山 即日
外壁塗装 栃木
害獣駆除 三重
害虫駆除 ハチの巣 料金
害虫駆除 宮城
家解体 岡山
引っ越し 東京
不用品回収 オススメ
不用品回収 トラック 積み放題 軽トラ
解体
解体 長野
解体 岡山
解体 岡山 業者
解体 広島
解体 広島 見積無料
解体 山口
解体業者
解体料金
家具移動 2階
家具移動 一人暮らし
家具移動 富山
鍵開け 玄関 深夜
鍵交換 福島
剪定 愛知
倉庫解体見積
草むしり 静岡
建物解体 広島
庭の手入れ 秋田
庭の手入れ 年払い
電球交換 石川
電球交換 高所
トイレ詰まり 滋賀
網戸張替え ペット用
網戸張替え 福井
雨漏り修理 埼玉
雨漏り修理 点検 無料
遺品整理 女性スタッフ
遺品整理 神奈川
屋根修理 群馬
便利屋 24時間
便利屋 24時間 即日
便利屋 ゴミ屋敷
便利屋 安い 東京
便利屋 高齢者向け
水回り修理 山形
水回り修理 水道管 凍結
リフォーム 茨城
リフォーム 風呂 見積もり
エアコンクリーニング キャンペーン 時期
エアコンクリーニング フィルター掃除 方法
ゴミ屋敷清掃 業者 選び方
ゴミ屋敷清掃 近所 迷惑
便利屋 山梨
便利屋 岡山 引越し手伝い
便利屋 広島 ゴミ屋敷片付け
便利屋 料金
便利屋引越し
不用品回収
不用品回収 優良業者
不用品回収 岡山 料金目安
不用品回収費用相場
不用品回収相場
不用品回収業者比較
引っ越し 相見積もり
引っ越し 荷造り コツ
シロアリ駆除 他社 見積もり
シロアリ駆除 保証
シロアリ駆除 千葉
便利屋
便利屋 ビジネスモデル
便利屋 仕事内容 事例
便利屋 相場
便利屋出来ること
便利屋開業
便利屋開業方法
便利屋資格取得
外壁塗装 サイディング
外壁塗装 DIY
害虫駆除 再発防止
解体 アスベスト 費用 相場
解体工期目安
鍵交換 防犯
屋根修理 スレート
屋根修理 補助金
庭の手入れ 除草剤
水回り修理 保険適用
網戸張替え 破れにくい
解体 費用 安くする方法
解体 相場
解体 手順 マニュアル
解体費用 相場
解体補助金","【今すぐ客キーワード】
便利屋
エアコンクリーニング 岩手
ハウスクリーニング 青森
ハウスクリーニング キッチン セット
ハウスクリーニング 定期契約
引っ越し 東京
不用品回収 オススメ
不用品回収 トラック 積み放題 軽トラ
不用品回収 即日
不用品回収 業者
不用品回収 岐阜
不用品回収 広島
不用品回収 広島 トラック積み放題
不用品回収費用
何でも屋
何でも屋 岡山 即日
外壁塗装 栃木
害獣駆除 三重
害虫駆除 ハチの巣 料金
害虫駆除 宮城
家解体 岡山
解体
解体 長野
解体 岡山
解体 岡山 業者
解体 広島
解体 広島 見積無料
解体 山口
解体業者
解体料金
家具移動 2階
家具移動 一人暮らし
家具移動 富山
鍵開け 玄関 深夜
鍵交換 福島
剪定 愛知
倉庫解体見積
草むしり 静岡
建物解体 広島
庭の手入れ 秋田
庭の手入れ 年払い
電球交換 石川
電球交換 高所
トイレ詰まり 滋賀
網戸張替え ペット用
網戸張替え 福井
雨漏り修理 埼玉
雨漏り修理 点検 無料
遺品整理 女性スタッフ
遺品整理 神奈川
屋根修理 群馬
リフォーム 茨城
リフォーム 風呂 見積もり
便利屋 24時間
便利屋 24時間 即日
便利屋 ゴミ屋敷
便利屋 安い 東京
便利屋 高齢者向け
便利屋 山梨
便利屋 岡山 引越し手伝い
便利屋 広島 ゴミ屋敷片付け
便利屋 料金
便利屋引越し
水回り修理 山形
水回り修理 水道管 凍結

【後から客キーワード】
エアコンクリーニング キャンペーン 時期
エアコンクリーニング フィルター掃除 方法
ゴミ屋敷清掃 業者 選び方
ゴミ屋敷清掃 近所 迷惑
シロアリ駆除 他社 見積もり
シロアリ駆除 保証
シロアリ駆除 千葉
不用品回収
不用品回収 優良業者
不用品回収 岡山 料金目安
不用品回収費用相場
不用品回収相場
不用品回収業者比較
引っ越し 相見積もり
引っ越し 荷造り コツ
便利屋 ビジネスモデル
便利屋 仕事内容 事例
便利屋 相場
便利屋出来ること
便利屋開業
便利屋開業方法
便利屋資格取得
外壁塗装 サイディング
外壁塗装 DIY
害虫駆除 再発防止
解体 アスベスト 費用 相場
解体 費用 安くする方法
解体 相場
解体 手順 マニュアル
解体費用 相場
解体補助金
解体工期目安
鍵交換 防犯
屋根修理 スレート
屋根修理 補助金
庭の手入れ 除草剤
水回り修理 保険適用
網戸張替え 破れにくい
雨漏り修理 原因 特定
遺品整理 見積もり 相場
リフォーム ローン
電球交換 LED",,,,,,,,,,,,,
"ハウスクリーニング 大阪 おすすめ
鍵開け 24時間 東京
草刈り シルバー人材センター 料金
引越し手伝い 単身 安い
不用品回収 横浜 即日
解体工事 見積もり 名古屋
鍵開け 玄関 料金
害虫駆除 ねずみ駆除 費用
不用品回収 冷蔵庫 処分 料金
鍵開け 金庫 費用
引越し手伝い 札幌 学生
ハウスクリーニング 大掃除 料金
不用品回収 ソファ 処分 仙台
便利屋 仙台 庭 手入れ
便利屋 千葉 求人
水道修理 トイレ詰まり 深夜
鍵開け 車 費用
草刈り 代行 料金
引越し手伝い バイト 大阪
不用品回収 軽トラ 積み放題 福岡
水道修理 料金 相場
害虫駆除 業者 比較
エアコンクリーニング 自分で やり方
害虫駆除 ゴキブリ駆除 方法
エアコンクリーニング 埼玉 口コミ
ハウスクリーニング 開業 資金
解体 補助金 神奈川
便利屋 仕事内容 きつい
エアコンクリーニング 業者 おすすめ 安い
草刈り機 レンタル
引越し手伝い 女性 一人
不用品回収 テレビ 処分 無料
水道修理 京都 即日
鍵開け バイク メットイン
害虫駆除 ハチ駆除 料金
草刈り 見積もり 兵庫
水道修理 業者 評判
エアコンクリーニング フィルター掃除 やり方
草刈り 時期
引越し手伝い 友達 謝礼
ハウスクリーニング 相場 一人暮らし
解体工事 期間 目安
便利屋 フランチャイズ 比較
水道修理 自分で パッキン交換
害虫駆除 シロアリ駆除 保証
ハウスクリーニング プロ 道具
解体工事 アスベスト 費用
便利屋 何でも屋 違い
エアコンクリーニング 頻度
解体工事 DIY","【今すぐ客キーワード】
ハウスクリーニング 大阪 おすすめ
鍵開け 24時間 東京
草刈り シルバー人材センター 料金
引越し手伝い 単身 安い
不用品回収 横浜 即日
解体工事 見積もり 名古屋
便利屋 千葉 求人
水道修理 トイレ詰まり 深夜
鍵開け 車 費用
草刈り 代行 料金
引越し手伝い バイト 大阪
不用品回収 軽トラ 積み放題 福岡
鍵開け 玄関 料金
害虫駆除 ねずみ駆除 費用
不用品回収 冷蔵庫 処分 料金
鍵開け 金庫 費用
エアコンクリーニング 業者 おすすめ 安い
草刈り機 レンタル
引越し手伝い 女性 一人
不用品回収 テレビ 処分 無料
水道修理 京都 即日
鍵開け バイク メットイン
害虫駆除 ハチ駆除 料金
草刈り 見積もり 兵庫
引越し手伝い 札幌 学生
ハウスクリーニング 大掃除 料金
不用品回収 ソファ 処分 仙台
便利屋 仙台 庭 手入れ

【後から客キーワード】
水道修理 料金 相場
害虫駆除 業者 比較
エアコンクリーニング 自分で やり方
害虫駆除 ゴキブリ駆除 方法
エアコンクリーニング 埼玉 口コミ
ハウスクリーニング 開業 資金
解体 補助金 神奈川
便利屋 仕事内容 きつい
水道修理 業者 評判
エアコンクリーニング フィルター掃除 やり方
草刈り 時期
引越し手伝い 友達 謝礼
ハウスクリーニング 相場 一人暮らし
解体工事 期間 目安
便利屋 フランチャイズ 比較
水道修理 自分で パッキン交換
害虫駆除 シロアリ駆除 保証
ハウスクリーニング プロ 道具
解体工事 アスベスト 費用
便利屋 何でも屋 違い
エアコンクリーニング 頻度
解体工事 DIY
",,,,,,,,,,,,,
"解体 埼玉 見積もり
便利屋 横浜 ゴミ屋敷 片付け
不用品回収 世田谷区 即日
屋根修理 雨漏り 緊急 大阪
解体工事 神戸 安い
便利屋 京都 引越し 手伝い
不用品回収 軽トラ積み放題 大阪
不用品回収 見積もり無料 千葉
自転車修理 出張サービス
解体工事 流れ
便利屋 仕事 ない
不用品回収 無料 なぜ
解体費用 相場 木造
便利屋 フランチャイズ 儲かるか
不用品回収 資格 必要か
網戸張替え 業者 安い 東京
家 解体 費用 大阪
便利屋 庭 手入れ 名古屋
エアコン取り付け工事 費用込み
畳張替え 料金 6畳
倉庫 解体 札幌
便利屋 エアコンクリーニング 料金
不用品回収 大型ゴミ 運び出し
水漏れ調査 費用 マンション
ブロック塀 解体 費用
便利屋 福岡 安い
シャッター修理 電動 料金
解体 求人 未経験
庭石処分 費用
排水管洗浄 高圧洗浄 料金
表札取り付け 業者
ペットシッター 料金 1泊
家具移動 業者 料金
壁紙張り替え DIY 方法
庭木剪定 費用 相場
雨樋修理 費用 火災保険
害獣駆除 イタチ 対策
給湯器交換 業者 選び方
便利屋 開業 失敗談
不用品回収 トラブル 事例
ドアノブ交換 自分で
遺品整理 見積もり 埼玉
空き家 解体 福岡 業者
便利屋 買い物代行 高齢者
不用品回収 冷蔵庫 料金 名古屋
風呂釜洗浄 業者 おすすめ
解体 千葉 即日対応
便利屋 24時間 渋谷
不用品回収 業者 埼玉 おすすめ","【今すぐ客キーワード】
解体 埼玉 見積もり
便利屋 横浜 ゴミ屋敷 片付け
不用品回収 世田谷区 即日
屋根修理 雨漏り 緊急 大阪
解体工事 神戸 安い
便利屋 京都 引越し 手伝い
不用品回収 軽トラ積み放題 大阪
網戸張替え 業者 安い 東京
家 解体 費用 大阪
便利屋 庭 手入れ 名古屋
不用品回収 冷蔵庫 料金 名古屋
風呂釜洗浄 業者 おすすめ
遺品整理 見積もり 埼玉
空き家 解体 福岡 業者
便利屋 買い物代行 高齢者
不用品回収 見積もり無料 千葉
自転車修理 出張サービス
解体 千葉 即日対応
便利屋 24時間 渋谷
不用品回収 業者 埼玉 おすすめ
エアコン取り付け工事 費用込み
畳張替え 料金 6畳
倉庫 解体 札幌
便利屋 エアコンクリーニング 料金
不用品回収 大型ゴミ 運び出し
水漏れ調査 費用 マンション
ブロック塀 解体 費用
便利屋 福岡 安い
シャッター修理 電動 料金
解体 求人 未経験
庭石処分 費用
排水管洗浄 高圧洗浄 料金
表札取り付け 業者
ペットシッター 料金 1泊
家具移動 業者 料金

【後から客キーワード】
壁紙張り替え DIY 方法
庭木剪定 費用 相場
雨樋修理 費用 火災保険
害獣駆除 イタチ 対策
給湯器交換 業者 選び方
便利屋 開業 失敗談
不用品回収 トラブル 事例
ドアノブ交換 自分で
解体工事 流れ
便利屋 仕事 ない
不用品回収 無料 なぜ
解体費用 相場 木造
便利屋 フランチャイズ 儲かるか
不用品回収 資格 必要か
",,,,,,,,,,,,,
"不用品回収 行政 比較
不用品回収 大阪 安い おすすめ
草刈り 料金 1時間
壁紙 張替え アクセントクロス 費用
水道修理 24時間対応 埼玉
鍵開け 紛失 車
便利屋 浮気調査
エアコン 取り外し 処分 料金
水道修理 蛇口 水漏れ 自分で
解体工事 横浜 業者 評判
鍵開け 玄関 費用 相場
解体 見積もり 内訳
不用品回収 遺品整理 違い
引越し 手伝い 友人 頼み方
解体 名古屋 補助金
水漏れ 修理 保険適用
解体 栃木 見積もり 無料
便利屋 川崎 ゴミ処分
不用品回収 さいたま市 トラック積み放題
ハウスクリーニング エアコン 料金
便利屋 東京 家具 移動
害虫駆除 ネズミ 料金
便利屋 千葉 庭木剪定
不用品回収 福岡 即日対応
便利屋 神戸 何でも屋
雨樋 交換 費用
ハウスクリーニング 水回り セット料金
便利屋 高齢者 サービス
不用品回収 パソコン 処分
解体 山口 安い
便利屋 広島 草刈り
不用品回収 名古屋 見積もり
屋根修理 瓦 ずれ
エアコンクリーニング 業者 選び方
解体工事 騒音 対策
不用品回収 札幌 口コミ
庭 手入れ 料金 相場
解体業 開業 資格
便利屋 料金体系
不用品回収 相場 軽トラック
鍵交換 賃貸 費用負担
解体工事 近隣挨拶 文例
害虫駆除 ハト 対策 ベランダ
草刈り シルバー人材センター 評判
解体業者 ランキング
便利屋 仕事 きつい 辞めたい
便利屋 求人 大阪 未経験
解体費用 計算方法
不用品回収 リサイクル料金
引越し 単身パック 比較","【今すぐ客キーワード】
解体 栃木 見積もり 無料
便利屋 川崎 ゴミ処分
不用品回収 さいたま市 トラック積み放題
ハウスクリーニング エアコン 料金
便利屋 東京 家具 移動
不用品回収 大阪 安い おすすめ
草刈り 料金 1時間
便利屋 求人 大阪 未経験
害虫駆除 ネズミ 料金
便利屋 千葉 庭木剪定
不用品回収 福岡 即日対応
便利屋 神戸 何でも屋
雨樋 交換 費用
ハウスクリーニング 水回り セット料金
便利屋 高齢者 サービス
不用品回収 パソコン 処分
解体 山口 安い
便利屋 広島 草刈り
不用品回収 名古屋 見積もり
屋根修理 瓦 ず れ
壁紙 張替え アクセントクロス 費用
水道修理 24時間対応 埼玉
鍵開け 紛失 車
便利屋 浮気調査
エアコン 取り外し 処分 料金

【後から客キーワード】
水道修理 蛇口 水漏れ 自分で
解体工事 横浜 業者 評判
鍵開け 玄関 費用 相場
解体 見積もり 内訳
不用品回収 遺品整理 違い
引越し 手伝い 友人 頼み方
解体 名古屋 補助金
水漏れ 修理 保険適用
エアコンクリーニング 業者 選び方
解体工事 騒音 対策
不用品回収 札幌 口コミ
庭 手入れ 料金 相場
解体業 開業 資格
便利屋 料金体系
不用品回収 相場 軽トラック
鍵交換 賃貸 費用負担
解体工事 近隣挨拶 文例
害虫駆除 ハト 対策 ベランダ
草刈り シルバー人材センター 評判
解体業者 ランキング
便利屋 仕事 きつい 辞めたい
不用品回収 行政 比較
解体費用 計算方法
不用品回収 リサイクル料金
引越し 単身パック 比較
",,,,,,,,,,,,,
"水漏れ修理 即日対応
トイレ詰まり 業者
ゴキブリ 駆除 依頼
ハチ駆除 業者 大阪
不用品回収 料金 安い
エアコンクリーニング 見積もり
便利屋 依頼 札幌
害獣駆除 即日 東京
鍵開け 深夜対応
浴室クリーニング 申込
排水溝つまり 修理 名古屋
引越し 手伝い 単身
家電回収 即日対応
網戸張り替え 業者
洗濯機 移動 業者","【今すぐ客キーワード】
水漏れ修理 即日対応
トイレ詰まり 業者
ゴキブリ 駆除 依頼
ハチ駆除 業者 大阪
不用品回収 料金 安い
エアコンクリーニング 見積もり
便利屋 依頼 札幌
害獣駆除 即日 東京
鍵開け 深夜対応
浴室クリーニング 申込
排水溝つまり 修理 名古屋
引越し 手伝い 単身
家電回収 即日対応
網戸張り替え 業者
洗濯機 移動 業者",,,,,,,,,,,,,
"水漏れ 原因 調べ方
トイレ詰まり 自分で直す方法
ゴキブリ駆除 スプレー おすすめ
ハチ駆除 費用 相場
不用品回収 とは
エアコンクリーニング 効果 どれくらい
便利屋 評判 口コミ
害獣駆除 比較サイト
鍵開け 方法
浴室掃除 洗剤 ランキング
排水溝 詰まり 対処法
引越し 手伝い どこまでしてくれる？
家電 処分方法 東京
網戸 張り替え DIY
洗濯機 運搬 方法","【後から客キーワード】
水漏れ 原因 調べ方
トイレ詰まり 自分で直す方法
ゴキブリ駆除 スプレー おすすめ
ハチ駆除 費用 相場
不用品回収 とは
エアコンクリーニング 効果 どれくらい
便利屋 評判 口コミ
害獣駆除 比較サイト
鍵開け 方法
浴室掃除 洗剤 ランキング
排水溝 詰まり 対処法
引越し 手伝い どこまでしてくれる？
家電 処分方法 東京
網戸 張り替え DIY
洗濯機 運搬 方法",,,,,,,,,,,,,
"解体キングダム 事故
解体キングダム 見逃し
解体キングダム 地上波
解体キングダム 伊野尾慧
解体キングダム伊野尾慧降板
解体キングダムガンダム
解体キングダム過去の放送
解体キングダム 出演者
解体キングダム 動画
解体工事施工技士
解体工ディフェンダー
解体工事業登録
解体工トウ洪鵬
解体工事 費用
解体エレンジローバー
解体工事勘定科目
解体工高級車
解体工中国人
解体費用 坪単価
解体費用 補助金
解体費用勘定科目
解体費用助成金
解体費用相場木造
解体費用 譲渡費用 1年以内
解体費用地面師
解体費用ロー
解体費用 経費
解体屋ジョネス
解体屋 車
解体屋求人
解体屋ピーカプ
解体屋給料
解体屋とは
解体屋 資格
解体屋さん
解体工事業
解体工事 資格","【今すぐ客キーワード】
解体屋求人

【後から客キーワード】
解体キングダム 事故
解体キングダム 見逃し
解体キングダム 地上波
解体キングダム 伊野尾慧
解体キングダム伊野尾慧降板
解体キングダムガンダム
解体キングダム過去の放送
解体キングダム 出演者
解体キングダム 動画
解体工事施工技士
解体工ディフェンダー
解体工事業登録
解体工トウ洪鵬
解体工事 費用
解体エレンジローバー
解体工事勘定科目
解体工高級車
解体工中国人
解体費用 坪単価
解体費用 補助金
解体費用勘定科目
解体費用助成金
解体費用相場木造
解体費用 譲渡費用 1年以内
解体費用地面師
解体費用ロー
解体費用 経費
解体屋ジョネス
解体屋 車
解体屋ピーカプ
解体屋給料
解体屋とは
解体屋 資格
解体屋さん
解体工事業
解体工事 資格",,,,,,,,,,,,,
"不用品買取福岡
不用品買取横浜
不用品買取名古屋
不用品買取どこがいい
不用品買取名古屋おすすめ
不用品回収業者優良
不用品回収業者優良東京
不用品回収業者相場
不用品回収業者危険知恵袋
不用品回収業者口コミ
不用品回収業者無料
不用品回収業者 選び方
不用品回収業者おすすめ
不用品回収業者 モバイルバッテリー
不用品回収無料持ち込み
不用品回収無料トラブル
不用品回収無料チラシ
不用品回収無料大阪
不用品回収無料三郷
不用品回収無料怪しい
不用品回収無料北区
不用品回収無料名古屋
不用品回収無料埼玉
不用品買取センター高い
不用品買取センター会社概要
不用品買取センター消費者庁
不用品買取センター大阪
不用品買取センター相場
不用品買取センター富山
不用品買取センター福岡
不用品買取センター詐欺
不用品回収大阪市
不用品回収 大阪 おすすめ
不用品回収大阪無料
不用品回収大阪相場
不用品回収大阪口コミ
不用品回収大阪持ち込み","【今すぐ客キーワード】
不用品買取福岡  
不用品買取横浜  
不用品買取名古屋  
不用品買取名古屋おすすめ  
不用品回収業者優良東京  
不用品回収業者無料  
不用品回収業者おすすめ  
不用品回収無料持ち込み  
不用品回収無料チラシ  
不用品回収無料大阪  
不用品回収無料三郷  
不用品回収無料北区  
不用品回収無料名古屋  
不用品回収無料埼玉  
不用品買取センター大阪  
不用品買取センター富山  
不用品買取センター福岡  
不用品回収大阪市  
不用品回収 大阪 おすすめ  
不用品回収大阪無料  
不用品回収大阪持ち込み

【後から客キーワード】
不用品買取どこがいい  
不用品回収業者優良  
不用品回収業者相場  
不用品回収業者危険知恵袋  
不用品回収業者口コミ  
不用品回収業者 選び方  
不用品回収業者 モバイルバッテリー  
不用品回収無料トラブル  
不用品回収無料怪しい  
不用品買取センター高い  
不用品買取センター会社概要  
不用品買取センター消費者庁  
不用品買取センター相場  
不用品買取センター詐欺  
不用品回収大阪相場  
不用品回収大阪口コミ",,,,,,,,,,,,,
"引っ越しのサカイ
引っ越し祝い
引っ越し単身パック
引っ越し挨拶
引越し
引越し業者
引っ越しやることリスト
引っ越し安い時期
引っ越し手続き
引っ越し住所変更
引っ越し挨拶粗品
引っ越し冷蔵庫
引っ越し見積もり相場
引っ越し見積もり単身
引っ越し見積もりサカイ
引っ越し見積もりやり方
引っ越し見積もりいつまで
引っ越し見積もりいつから
引っ越し見積もり 訪問なし
引っ越し見積もりヤマト
引っ越し見積もり訪問
引っ越しやること手続き
引っ越しやること掃除
引っ越しやること住所変更
引っ越しやることリストpdf
引っ越しやること役所
引っ越しやることリストエクセル
引っ越しやること荷造り
引越しやること
引っ越し費用相場
引っ越し費用一人暮らし
引っ越し費用総額
引っ越し費用 安い時期
引っ越し費用勘定科目
引っ越し費用相場一人暮らし
引っ越し費用サカイ
引越し費用","【今すぐ客キーワード】
引っ越し単身パック  
引越し  
引越し業者  
引っ越し見積もり単身
引っ越し見積もり 訪問なし    
引っ越し見積もり訪問

【後から客キーワード】
引っ越しのサカイ  
引っ越し見積もりヤマト
引っ越し費用サカイ
引っ越し見積もりサカイ
引っ越し祝い  
引っ越し挨拶  
引っ越しやることリスト  
引っ越し安い時期  
引っ越し手続き  
引っ越し住所変更  
引っ越し挨拶粗品  
引っ越し冷蔵庫  
引っ越し見積もり相場  
引っ越し見積もりやり方  
引っ越し見積もりいつまで  
引っ越し見積もりいつから  
引っ越しやること手続き  
引っ越しやること掃除  
引っ越しやること住所変更  
引っ越しやることリストpdf  
引っ越しやること役所  
引っ越しやることリストエクセル  
引っ越しやること荷造り  
引越しやること  
引っ越し費用相場  
引っ越し費用一人暮らし  
引っ越し費用総額  
引っ越し費用 安い時期  
引っ越し費用勘定科目  
引っ越し費用相場一人暮らし  
引越し費用
",,,,,,,,,,,,,
"水漏れ
水漏れテープ
水漏れ水道代
水漏れ 英語
水漏れ原因
水漏れ業者
水漏れ火災保険
水漏れの夢
水漏れ蛇口
水漏れ修理相場
水漏れ修理
水漏れ夢
水漏れマン:
水漏れ天井
水漏れテープホームセンター
水漏れテープゴリラ
水漏れテープダイソー
水漏れテープ巻き方
水漏れテープ代用
水漏れテープおすすめ
水漏れテープカインズ
水漏れテープ使い方
水漏れテープ耐熱
水漏れ水道代返金
水漏れ水道代 賃貸
水漏れ水道代ポタポタ
水漏れ水道代どれくらい
水漏れ水道代免除
水漏れ水道代火災保険
水漏れ水道代 减額
水漏れ水道代どのくらい
水漏れ水道代 負担
水漏れ 英語 ホテル
水漏れ英語修理
エアコン 水漏れ 英語
洗面台水漏れ英語","【今すぐ客キーワード】
水漏れ  
水漏れテープ  
水漏れ業者  
水漏れ蛇口  
水漏れ修理  
水漏れ天井 

【後から客キーワード】
水漏れテープホームセンター  
水漏れテープゴリラ  
水漏れテープダイソー  
水漏れテープおすすめ  
水漏れテープカインズ
水漏れ水道代  
水漏れ 英語  
水漏れ原因  
水漏れ火災保険  
水漏れの夢  
水漏れ修理相場  
水漏れ夢  
水漏れマン  
水漏れテープ巻き方  
水漏れテープ代用  
水漏れテープ使い方  
水漏れテープ耐熱  
水漏れ水道代返金  
水漏れ水道代 賃貸  
水漏れ水道代ポタポタ  
水漏れ水道代どれくらい  
水漏れ水道代免除  
水漏れ水道代火災保険  
水漏れ水道代 减額  
水漏れ水道代どのくらい  
水漏れ水道代 負担  
水漏れ 英語 ホテル  
水漏れ英語修理  
エアコン 水漏れ 英語  
洗面台水漏れ英語
",,,,,,,,,,,,,
"鍵交換費用交渉
鍵交換費用勘定科目
鍵交換費用 賃貸 紛失
鍵交換費用ガイドライン
鍵交換費用 一軒家 ディンプルキー
鍵交換費用 賃貸 自分で
鍵交換費用 賃貸 相場
鍵交換費用 賃貸 払わない
鍵交換費用 賃貸 ディンプルキー
鍵交換費用 賃貸 退去時
鍵交換費用 賃貸 初期費用
鍵交換費用 賃貸 交渉
鍵交換費用 賃貸 いくら
鍵交換相場賃貸
鍵交換 相場 ディンプル
鍵交換相場
引っ越し 鍵交換 相場
引き戸 鍵交換 相場
自転車 鍵交換 相場
オートロック 鍵交換相場
玄関引き戸 鍵交換相場
シャッター鍵交換相場
鍵交換補助金埼玉県
鍵交換補助金横浜市
鍵交換補助金世田谷区
鍵交換補助金神戸市
鍵交換補助金京都
鍵交換補助金練馬区
鍵交換補助金大田区
鍵交換補助金大阪府
鍵交換 業者 おすすめ
鍵交換 業者 ランキング
鍵交換 業者 選び方
鍵交換 業者 安い
鍵交換費用 マンション賃貸
鍵交換費用 マンション オートロック
鍵交換費用マンション相場
鍵交換費用一軒家カードキー","【今ずぐ客キーワード】
鍵交換 業者 おすすめ  
鍵交換 業者 ランキング  
鍵交換 業者 安い

【後から客キーワード】
鍵交換費用交渉  
鍵交換費用勘定科目  
鍵交換費用 賃貸 紛失  
鍵交換費用ガイドライン  
鍵交換費用 一軒家 ディンプルキー  
鍵交換費用 賃貸 自分で  
鍵交換費用 賃貸 相場  
鍵交換費用 賃貸 払わない  
鍵交換費用 賃貸 ディンプルキー  
鍵交換費用 賃貸 退去時  
鍵交換費用 賃貸 初期費用  
鍵交換費用 賃貸 交渉  
鍵交換費用 賃貸 いくら  
鍵交換相場賃貸  
鍵交換 相場 ディンプル  
鍵交換相場  
引っ越し 鍵交換 相場  
引き戸 鍵交換 相場  
自転車 鍵交換 相場  
オートロック 鍵交換相場  
玄関引き戸 鍵交換相場  
シャッター鍵交換相場  
鍵交換補助金埼玉県  
鍵交換補助金横浜市  
鍵交換補助金世田谷区  
鍵交換補助金神戸市  
鍵交換補助金京都  
鍵交換補助金練馬区  
鍵交換補助金大田区  
鍵交換補助金大阪府  
鍵交換 業者 選び方  
鍵交換費用 マンション賃貸  
鍵交換費用 マンション オートロック  
鍵交換費用マンション相場  
鍵交換費用一軒家カードキー",,,,,,,,,,,,,
"外壁塗装相場30坪
外壁塗装相場15坪3階建て
外壁塗装相場50坪
外壁 サイディング補修
外壁サイディング塗装
外壁サイディング張り替え
外壁サイディングメーカー
外壁 サイディングメンテナンス
外壁 サイディング 火災保険
外壁 サイディング 種類
外壁 サイディング 断面図
外壁サイディング見切り材
外壁種類一覧
外壁種類サイディング
外壁種類見分け方
外壁種類画像
外壁リフォーム補助金
外壁リフォーム費用
外壁リフォームガルバリウム
外壁リフォーム補助金 国
外壁リフォームガルバリウム費用
外壁リフォーム相場
外壁リフォームビフォーアフター
外壁リフォーム確定申告
外壁リフォーム補助金札幌
外壁材 種類
外壁材ホームセンター
外壁材安い
外壁材diy安い
外壁材おすすめ
外壁材 パネル
外壁材サイディング
外壁材メーカー
外壁材木材
外壁塗装助成金東京都2025
外壁塗装助成金東京都世田谷区
外壁塗装助成金東京都練馬区
外壁塗装助成金東京都小平市","【今すぐ客キーワード】
外壁塗装相場30坪  
外壁塗装相場15坪3階建て  
外壁塗装相場50坪  
外壁 サイディング補修  
外壁サイディング塗装  
外壁サイディング張り替え  
外壁 サイディングメンテナンス  
外壁リフォーム費用
外壁リフォームガルバリウム  
外壁リフォームガルバリウム費用  
外壁リフォーム相場 

【後から客キーワード】
外壁リフォーム補助金札幌  
外壁塗装助成金東京都2025  
外壁塗装助成金東京都世田谷区  
外壁塗装助成金東京都練馬区  
外壁塗装助成金東京都小平市
外壁リフォーム補助金 国 
外壁リフォーム補助金 
外壁サイディングメーカー  
外壁 サイディング 火災保険  
外壁 サイディング 種類  
外壁 サイディング 断面図  
外壁サイディング見切り材  
外壁種類一覧  
外壁種類サイディング  
外壁種類見分け方  
外壁種類画像  
外壁リフォームビフォーアフター  
外壁リフォーム確定申告  
外壁材 種類  
外壁材ホームセンター  
外壁材安い  
外壁材diy安い  
外壁材おすすめ  
外壁材 パネル  
外壁材サイディング  
外壁材メーカー  
外壁材木材
",,,,,,,,,,,,,
"ゴキブリ対策
ゴキブリ 赤ちゃん
ゴキブリムエンダー
ゴキブリ卵
ゴキブリ駆除
ゴキブリがいなくなるスプレー
ゴキブリの夢
ゴキブリ 英語
ゴキブリホイホイ
ゴキブリ 夢
ゴキブリスプレー
ゴキブリ 種類
ゴキブリ 幼虫
ゴキブリフン
ゴキブリ 対策
ゴキブリ 夢占い
ゴキブリ対策 最強
ゴキブリ対策 アパート
ゴキブリ対策 ハーブ
ゴキブリ対策ハッカ
ゴキブリ対策 いつから
ゴキブリ対策 スプレー
ゴキブリ対策おすすめ
ゴキブリ対策 最強 置き型
ゴキブリ対策 猫がいる家
ゴキブリ 赤ちゃん 画像
ゴキブリ 赤ちゃん 時期
ゴキブリ赤ちゃんだけ出る
ゴキブリ 赤ちゃんどこから
ゴキブリ 赤ちゃん1匹だけ
ゴキブリ 赤ちゃん 特徴
ゴキブリ 赤ちゃん大きさ
ゴキブリ 赤ちゃん飛ぶ
ゴキブリ 赤ちゃんだけ出る 知恵袋
ゴキブリムエンダーcm
ゴキブリムエンダーロコミ
ゴキブリムエンダーペット
ゴキブリムエンダー 業務用 違い","【今すぐ客キーワード】
ゴキブリ対策  
ゴキブリムエンダー  
ゴキブリ駆除  
ゴキブリがいなくなるスプレー  
ゴキブリホイホイ  
ゴキブリスプレー  
ゴキブリ 対策  
ゴキブリ対策 最強  
ゴキブリ対策 アパート  
ゴキブリ対策 ハーブ  
ゴキブリ対策ハッカ  
ゴキブリ対策 スプレー  
ゴキブリ対策おすすめ  
ゴキブリ対策 最強 置き型  
ゴキブリ対策 猫がいる家  
ゴキブリムエンダーペット  
ゴキブリムエンダー 業務用 違い

【後から客キーワード】
ゴキブリ 赤ちゃん  
ゴキブリ卵  
ゴキブリの夢  
ゴキブリ 英語  
ゴキブリ 夢  
ゴキブリ 種類  
ゴキブリ 幼虫  
ゴキブリフン  
ゴキブリ 夢占い  
ゴキブリ対策 いつから  
ゴキブリ 赤ちゃん 画像  
ゴキブリ 赤ちゃん 時期  
ゴキブリ赤ちゃんだけ出る  
ゴキブリ 赤ちゃんどこから  
ゴキブリ 赤ちゃん1匹だけ  
ゴキブリ 赤ちゃん 特徴  
ゴキブリ 赤ちゃん大きさ  
ゴキブリ 赤ちゃん飛ぶ  
ゴキブリ 赤ちゃんだけ出る 知恵袋  
ゴキブリムエンダーcm  
ゴキブリムエンダーロコミ",,,,,,,,,,,,,
"荷物運搬 料金
荷物運搬自転車
荷物運搬車
荷物運搬カート電動
タクシー荷物運搬東京
空港荷物運搬車
三輪自転車荷物運搬
荷物運搬赤帽
荷物運搬アルバイト
荷物運搬イラスト
荷物運搬 意味
荷物運搬英語
荷物運搬エレベーター
荷物運搬大阪
大型タクシー荷物運搬
沖縄荷物運搬
荷物運搬 階段
荷物運搬格安
階段荷物運搬電動
荷物運搬危険予知
荷物運搬許可
荷物運搬キャリー
荷物運搬キャスター
荷物運搬機械
荷物運搬キャリーカート
キュラーズ 荷物運搬
キャンプ荷物運搬
京都荷物運搬
荷物運搬くらしのマーケット
空港荷物運搬
クロネコヤマト荷物運搬
荷物運搬 軽自動車
軽トラ荷物運搬
荷物運搬個人
荷物運搬コロコロ
荷物運搬コロ
高所作業車荷物運搬
工場荷物運搬","【今すぐ客キーワード】
荷物運搬 料金  
タクシー荷物運搬東京  
荷物運搬大阪  
大型タクシー荷物運搬  
沖縄荷物運搬  
荷物運搬格安  
京都荷物運搬   
空港荷物運搬  
荷物運搬個人

【後から客キーワード】
荷物運搬くらしのマーケット
荷物運搬赤帽 
荷物運搬自転車  
荷物運搬車  
荷物運搬カート電動  
空港荷物運搬車  
三輪自転車荷物運搬  
荷物運搬アルバイト  
荷物運搬イラスト  
荷物運搬 意味  
荷物運搬英語  
荷物運搬エレベーター  
荷物運搬 階段  
階段荷物運搬電動  
荷物運搬危険予知  
荷物運搬許可  
荷物運搬キャリー  
荷物運搬キャスター  
荷物運搬機械  
荷物運搬キャリーカート  
キュラーズ 荷物運搬  
キャンプ荷物運搬  
クロネコヤマト荷物運搬  
荷物運搬 軽自動車  
軽トラ荷物運搬  
荷物運搬コロコロ  
荷物運搬コロ  
高所作業車荷物運搬  
工場荷物運搬
",,,,,,,,,,,,,
"出張修理サービスntt
自転車 出張修理サービスセンター
ヤマダ電機 出張修理サービス
hp出張修理サービス
ntt東日本出張修理サービス
エプソン出張修理サービス
自転車 出張修理 ダイワサイクル
ダイワサイクル 出張修理 評判
ダイワサイクル江坂出張修理
ダイワサイクル 寝屋川 出張修理
ダイワサイクル 岸和田 出張修理
ダイワサイクル 藤井寺 出張修理
ダイワサイクル松原出張修理
ダイワサイクル守口出張修理
出張修理オプションntt西日本
24時間 出張修理オプション
ヤマダ電機 出張修理 パソコン
パソコン工房 出張修理
パソコン出張修理料金
パソコン出張修理大阪
パソコン 出張修理 格安
パソコン出張修理 東京
パソコン 出張修理 おすすめ
富士通パソコン出張修理
necパソコン出張修理
パナソニック 出張修理 電話
パナソニック 出張修理 キャンセル
パナソニック 出張修理 電話番号
パナソニック 出張修理 年末年始
出張修理 費用 相場
日立出張修理 費用
ヤマダ電機 出張修理 費用
ヨドバシ 出張修理 費用
ジョーシン出張修理 費用
エプソン出張修理 費用
エディオン出張修理 費用
パナソニック 出張修理 費用
アクア 出張修理 費用
100満ボルト出張修理","【今すぐ客キーワード】
自転車 出張修理サービスセンター   
hp出張修理サービス  
24時間 出張修理オプション    
パソコン出張修理料金  
パソコン出張修理大阪  
パソコン 出張修理 格安  
パソコン出張修理 東京  
パソコン 出張修理 おすすめ    
necパソコン出張修理  

【後から客キーワード】
パソコン工房 出張修理  
ダイワサイクル 出張修理 評判  
ダイワサイクル江坂出張修理  
ダイワサイクル 寝屋川 出張修理  
ダイワサイクル 岸和田 出張修理  
ダイワサイクル 藤井寺 出張修理  
ダイワサイクル松原出張修理  
ダイワサイクル守口出張修理  
ヤマダ電機 出張修理サービス  
ヤマダ電機 出張修理 パソコン  
ヤマダ電機 出張修理 費用  
100満ボルト出張修理
エプソン出張修理サービス  
出張修理サービスntt  
ntt東日本出張修理サービス  
ダイワサイクル 出張修理 評判  
出張修理オプションntt西日本  
パナソニック 出張修理 電話  
パナソニック 出張修理 キャンセル  
パナソニック 出張修理 電話番号  
パナソニック 出張修理 年末年始  
出張修理 費用 相場  
日立出張修理 費用  
ヤマダ電機 出張修理 費用  
ヨドバシ 出張修理 費用  
ジョーシン出張修理 費用  
エプソン出張修理 費用  
エディオン出張修理 費用  
パナソニック 出張修理 費用  
アクア 出張修理 費用
",,,,,,,,,,,,,
"家事代行大阪高齢者
家事代行サービス求人正社員
家事代行サービス求人東京
家事代行サービス求人大阪
家事代行サービス求人 徳島
家事代行サービス 料理求人
家事代行サービス京都求人
家事代行サービス 埼玉求人
家事代行サービス 福岡 求人
家事代行サービス名古屋求人
家事代行掃除料金
家事代行掃除相場
家事代行掃除おすすめ
家事代行 掃除 どこまで
家事代行掃除のみ
家事代行掃除求人
家事代行掃除道具
家事代行掃除安い
家事代行掃除いくら
家事代行サービス一人暮らし料理
家事代行名古屋補助金
家事代行名古屋求人
家事代行名古屋フォーリーフ
家事代行名古屋 ランキング
家事代行名古屋個人
家事代行名古屋あこ
家事代行福岡市
家事代行福岡求人
家事代行福岡おすすめ
家事代行福岡口コミ
家事代行福岡料理
家事代行ベアーズ求人
家事代行 ベアーズ料金
家事代行 ベアーズ 口コミ
家事代行 ベアーズ炎上
家事代行 ベアーズ盗難
家事代行 ベアーズ 平本","【今すぐ客キーワード】
家事代行大阪高齢者  
家事代行掃除料金  
家事代行掃除おすすめ  
家事代行掃除のみ  
家事代行掃除安い  
家事代行掃除いくら  
家事代行サービス一人暮らし料理  
家事代行名古屋 ランキング  
家事代行福岡市  
家事代行福岡おすすめ  
家事代行福岡料理

【後から客キーワード】
家事代行サービス求人正社員  
家事代行サービス求人東京  
家事代行サービス求人大阪  
家事代行サービス求人 徳島  
家事代行サービス 料理求人  
家事代行サービス京都求人  
家事代行サービス 埼玉求人  
家事代行サービス 福岡 求人  
家事代行サービス名古屋求人  
家事代行掃除相場  
家事代行 掃除 どこまで  
家事代行掃除求人  
家事代行掃除道具  
家事代行名古屋補助金  
家事代行名古屋求人  
家事代行名古屋フォーリーフ  
家事代行名古屋個人  
家事代行名古屋あこ  
家事代行福岡求人  
家事代行福岡口コミ  
家事代行ベアーズ求人  
家事代行 ベアーズ料金  
家事代行 ベアーズ 口コミ  
家事代行 ベアーズ炎上  
家事代行 ベアーズ盗難  
家事代行 ベアーズ 平本",,,,,,,,,,,,,
"エアコン掃除の仕方
エアコンフィルター掃除
エアコン掃除スプレー
エアコン除湿 電気代
エアコンおすすめ
エアコン 電気代
エアコン水漏れ
エアコンクリーニング料金
エアコンクリーニングおすすめ
エアコンクリーニング 自分で
エアコンクリーニング 頻度
エアコンクリーニングヤマダ電機
エアコンクリーニング ダスキン
エアコンクリーニング 大阪
エアコンクリーニング 福岡
エアコンクリーニングエディオン
エアコン掃除 料金
エアコン掃除 自分で
エアコン掃除 ダスキン
エアコン掃除 やり方
エアコン掃除カビ
エアコン掃除 自分で 簡単
エアコン掃除方法
エアコン掃除ダイソー
エアコン 試運転 冷房
エアコン 試運転 時間
エアコン 試運転モード
エアコン 試運転 夏
エアコン試運転の日
エアコン試運転 春
エアコン 試運転 冬
エアコン 試運転 方法
エアコン 試運転 暖房
エアコン臭い取り
エアコン臭い車
エアコン臭い暖房
エアコン臭いスプレー
エアコン臭いダイキン
エアコン臭い室外機","【今すぐ客キーワード】
エアコンクリーニング料金  
エアコンクリーニングおすすめ   
エアコンクリーニング 大阪  
エアコンクリーニング 福岡    
エアコン掃除 料金  

【後から客キーワード】
エアコンクリーニングヤマダ電機  
エアコンクリーニング ダスキン  
エアコン掃除 ダスキン  
エアコンクリーニングエディオン

エアコン掃除の仕方  
エアコンフィルター掃除  
エアコン掃除スプレー  
エアコン除湿 電気代  
エアコンおすすめ  
エアコン 電気代  
エアコン水漏れ  
エアコンクリーニング 自分で  
エアコンクリーニング 頻度  
エアコン掃除 自分で  
エアコン掃除 やり方  
エアコン掃除カビ  
エアコン掃除 自分で 簡単  
エアコン掃除方法  
エアコン掃除ダイソー  
エアコン 試運転 冷房  
エアコン 試運転 時間  
エアコン 試運転モード  
エアコン 試運転 夏  
エアコン試運転の日  
エアコン試運転 春  
エアコン 試運転 冬  
エアコン 試運転 方法  
エアコン 試運転 暖房  
エアコン臭い取り  
エアコン臭い車  
エアコン臭い暖房  
エアコン臭いスプレー  
エアコン臭いダイキン  
エアコン臭い室外機",,,,,,,,,,,,,
"自転車屋さん
自転車屋さんの高橋くん
自転車屋さん近く
自転車屋の高橋くん
自転車屋大型店
自転車屋根
自転車屋さんの高橋くんドラマ
自転車屋800m以内
自転車ヘルメット義務
自転車ヘルメットおしゃれ
自転車ヘルメット義務化
自転車ヘルメット子供
自転車 ヘルメットおすすめ
自転車ヘルメット高校生
自転車ヘルメット盗難防止
自転車ヘルメットどこで買う
自転車ヘルメット折りたたみ
自転車防犯登録解除
自転車防犯登録番号
自転車 防犯登録 どこで
自転車防犯登録譲渡
自転車防犯登録必要なもの
自転車防犯登録期限
自転車防犯登録 変更
自転車防犯登録解除交番
自転車防犯登録值段
自転車あさひ 店舗
自転車あさひ 修理
自転車あさひ引き取り
自転車あさひ営業時間
自転車あさひ オンライン
自転車あさひ 点検
自転車あさひクーポン
自転車あさひヘルメット
自転車あさひ 保険
自転車保険おすすめ家族無制限
自転車保険おすすめ子供
自転車保険おすすめ知恵袋
自転車保険 おすすめ コンビニ","【今すぐ客キーワード】
自転車屋さん
自転車屋大型店
自転車屋800m以内

【後から客キーワード】
自転車屋さん近く
自転車あさひ 店舗
自転車あさひ 修理
自転車あさひ引き取り
自転車あさひ営業時間
自転車あさひ オンライン
自転車あさひ 点検
自転車あさひクーポン
自転車あさひヘルメット 
自転車屋さんの高橋くん
自転車屋の高橋くん
自転車屋根
自転車屋さんの高橋くんドラマ
自転車ヘルメット義務
自転車ヘルメットおしゃれ
自転車ヘルメット義務化
自転車ヘルメット子供
自転車 ヘルメットおすすめ
自転車ヘルメット高校生
自転車ヘルメット盗難防止
自転車ヘルメットどこで買う
自転車ヘルメット折りたたみ
自転車防犯登録解除
自転車防犯登録番号
自転車 防犯登録 どこで
自転車防犯登録譲渡
自転車防犯登録必要なもの
自転車防犯登録期限
自転車防犯登録 変更
自転車防犯登録解除交番
自転車防犯登録值段
自転車あさひ 保険
自転車保険おすすめ家族無制限
自転車保険おすすめ子供
自転車保険おすすめ知恵袋
自転車保険 おすすめ コンビニ",,,,,,,,,,,,,
"害虫 映画
害虫駆除 料金
害虫駆除 薬剤
害虫防除
害虫 種類
害虫 種類 わからない
害虫 対義語
害虫イラスト
害虫ねずみ
害虫 対策
害虫駆除
害虫 映画 配信
害虫駆除京都
害虫駆除費
害虫駆除勘定科目
害虫駆除求人
害虫駆除 賃貸 いらない
害虫駆除京都市
害虫駆除業者 ランキング
害虫駆除業者大手
害虫駆除業者 悪質
害虫駆除業者 英語
害虫駆除業者 資格
害虫駆除業者 年収
害虫駆除業者求人
害虫駆除業者口コミ
害虫駆除業者 詐欺
害虫 英語で
害虫 英語 カタカナ
害虫英語読み方
不快害虫英語
衛生 害虫 英語
稲の害虫 英語
貯穀害虫 英語
害虫対策 賃貸
害虫対策 ハーブ
害虫対策グッズ
害虫对策 業者
害虫対策スプレー","【今すぐ客キーワード】
害虫駆除 料金  
害虫駆除 薬剤  
害虫駆除  
害虫駆除京都  
害虫駆除費  
害虫駆除京都市   
害虫対策 賃貸  
害虫対策 ハーブ  
害虫对策 業者  
害虫対策スプレー

【後から客キーワード】
害虫駆除業者 ランキング  
害虫駆除業者大手 
害虫 対策 
害虫対策グッズ  
害虫 映画  
害虫防除  
害虫 種類  
害虫 種類 わからない  
害虫 対義語  
害虫イラスト  
害虫ねずみ  
害虫 映画 配信  
害虫駆除勘定科目  
害虫駆除求人  
害虫駆除 賃貸 いらない  
害虫駆除業者 悪質  
害虫駆除業者 英語  
害虫駆除業者 資格  
害虫駆除業者 年収  
害虫駆除業者求人  
害虫駆除業者口コミ  
害虫駆除業者 詐欺  
害虫 英語で  
害虫 英語 カタカナ  
害虫英語読み方  
不快害虫英語  
衛生 害虫 英語  
稲の害虫 英語  
貯穀害虫 英語",,,,,,,,,,,,,
"フローリングシート畳の上
フローリングシート100均
フローリングシート置くだけ
フローリングシートウェット
フローリング掃除 洗剤
フローリング掃除 おすすめ
フローリング掃除ウタマロ
フローリング掃除ワイパー
フローリング掃除 重曹
フローリング掃除機
フローリング掃除 業者
フローリング掃除 アルカリ電解水
フローリング掃除ワックス
フローリング張り替えdiy
フローリング張り替え費用20畳床暖房
フローリング張り替え一部
フローリング張替え費用8畳
フローリング 張り替え 退去費用
フローリング張り替え費用20畳大理石
フローリング張り替え費用16畳
フローリング張替え費用6畳
フローリングワックス剥がし
フローリングワックス自分で
フローリングワックス剥がれ
フローリングワックスシート
フローリングワックスがけ
フローリングワックスシート失敗
フローリングワックスおすすめ
フローリングワックス剥がし 電動
フローリングワックス剥がれ 白い
フローリング 傷 補修100均
フローリング 傷 補修 費用
フローリング 傷 補修 自分で
フローリング 傷 補修 パテ
フローリング 傷 補修 業者
フローリング 傷 補修 賃貸
フローリング 傷 補修ワックス
フローリング 傷 補修 セリア","【今すぐ客キーワード】
フローリング掃除 業者  
フローリング張り替え費用20畳床暖房  
フローリング張り替え一部  
フローリング張替え費用8畳  
フローリング 張り替え 退去費用  
フローリング張り替え費用20畳大理石  
フローリング張り替え費用16畳  
フローリング張替え費用6畳  
フローリング 傷 補修 費用  
フローリング 傷 補修 業者  
フローリング 傷 補修 賃貸

【後から客キーワード】
フローリングシート畳の上  
フローリングシート100均  
フローリングシート置くだけ  
フローリングシートウェット  
フローリング掃除 洗剤  
フローリング掃除 おすすめ  
フローリング掃除ウタマロ  
フローリング掃除ワイパー  
フローリング掃除 重曹  
フローリング掃除機  
フローリング掃除 アルカリ電解水  
フローリング掃除ワックス  
フローリング張り替えdiy  
フローリングワックス剥がし  
フローリングワックス自分で  
フローリングワックス剥がれ  
フローリングワックスシート  
フローリングワックスがけ  
フローリングワックスシート失敗  
フローリングワックスおすすめ  
フローリングワックス剥がし 電動  
フローリングワックス剥がれ 白い  
フローリング 傷 補修100均  
フローリング 傷 補修 自分で  
フローリング 傷 補修 パテ  
フローリング 傷 補修ワックス  
フローリング 傷 補修 セリア",,,,,,,,,,,,,
"何でも屋 英語で言うと
何でも屋 英語 スラング
何でも屋 言い換え ビジネス
何でも屋の加代 求婚される
演じた人 何でも屋の加代
必殺仕事人 何でも屋の加代
何でも屋 大阪 求人
何でも屋大阪女性
何でも屋 大阪市
大阪府 何でも屋
何でも屋かっこよく英語
何でも屋名古屋求人
何でも屋名古屋居酒屋
何でも屋 福岡 求人
福岡便利屋 何でも屋
福岡便利屋何でも屋口コミ
福岡県 何でも屋
福岡市 便利屋 何でも屋
lol何でも屋 ルーン
lol何でも屋ボリベア
何でも屋 開業届
何でも屋 開業 資格
何でも屋 開業するには
何でも屋札幌求人
何でも屋1時間
何でも屋1時間いくら
何でも屋24時間
24時間営業 何でも屋
何でも屋8.1 km以内
何でも屋 アニメ
何でも屋アプリ
何でも屋秋田
何でも屋アルバイト
何でも屋 旭川
何でも屋 尼崎
何でも屋 愛知
何でも屋明石
何でも屋 青森","【今すぐ客キーワード】
何でも屋 大阪市  
大阪府 何でも屋  
福岡便利屋 何でも屋  
福岡県 何でも屋  
福岡市 便利屋 何でも屋  
何でも屋1時間  
何でも屋1時間いくら  
何でも屋24時間  
24時間営業 何でも屋  
何でも屋8.1 km以内  
何でも屋秋田  
何でも屋 旭川  
何でも屋 尼崎  
何でも屋 愛知  
何でも屋明石  
何でも屋 青森

【後から客キーワード】
何でも屋 大阪 求人  
何でも屋大阪女性  
何でも屋名古屋求人  
何でも屋 福岡 求人  
福岡便利屋何でも屋口コミ  
何でも屋札幌求人  
何でも屋アルバイト  
何でも屋 英語で言うと  
何でも屋 英語 スラング  
何でも屋 言い換え ビジネス  
何でも屋の加代 求婚される  
演じた人 何でも屋の加代  
必殺仕事人 何でも屋の加代  
何でも屋かっこよく英語  
何でも屋名古屋居酒屋  
lol何でも屋 ルーン  
lol何でも屋ボリベア  
何でも屋 開業届  
何でも屋 開業 資格  
何でも屋 開業するには  
何でも屋 アニメ  
何でも屋アプリ",,,,,,,,,,,,,
"排水口ゴミ受けニトリ
排水口ゴミ受けセリア
排水口ゴミ受け100均
排水口ゴミ受けネット
排水口ゴミ受けお風呂
排水口ゴミ受けサイズ合わない対処法
排水口ゴミ受け145mm100均
排水口ゴミ受け洗面所
排水口 詰まり 業者
排水口詰まりワイヤー
排水口詰まり重曹
排水口詰まり洗濯機
排水口詰まり洗剤
排水口詰まり洗面所
排水口詰まり熱湯
排水口詰まりキッチン
排水口詰まりペットボトル
排水口掃除ブラシ
排水口掃除洗濯機
排水口掃除これだけ
排水口掃除洗剤
排水口掃除 業者
排水口掃除 おすすめ
排水口掃除頻度
排水口掃除 重曹
排水口掃除100均
排水ロネットダイソー
排水口ネットホルダー
排水口ネット収納
排水口ネット 浅型
排水口ネット風呂
排水口ネット細型
排水ロネットホルダーダイソー
排水口ネット付け方
排水ロネットセリア
排水口臭い対策
排水口臭い風呂
排水口臭い洗面所
排水口臭い消しキッチン","【今すぐ客キーワード】
排水口 詰まり 業者  
排水口詰まり洗濯機  
排水口詰まり洗面所  
排水口詰まりキッチン  
排水口掃除 業者  
排水口臭い対策  
排水口臭い風呂  
排水口臭い洗面所  
排水口臭い消しキッチン

【後から客キーワード】
排水口ゴミ受けニトリ  
排水口ゴミ受けセリア  
排水口ゴミ受け100均  
排水口ゴミ受けネット  
排水口ゴミ受けお風呂  
排水口ゴミ受けサイズ合わない対処法  
排水口ゴミ受け145mm100均  
排水口ゴミ受け洗面所  
排水口詰まりワイヤー  
排水口詰まり重曹  
排水口詰まり洗剤  
排水口詰まり熱湯  
排水口詰まりペットボトル  
排水口掃除ブラシ  
排水口掃除洗濯機  
排水口掃除これだけ  
排水口掃除洗剤  
排水口掃除 おすすめ  
排水口掃除頻度  
排水口掃除 重曹  
排水口掃除100均  
排水ロネットダイソー  
排水口ネットホルダー  
排水口ネット収納  
排水口ネット 浅型  
排水口ネット風呂  
排水口ネット細型  
排水ロネットホルダーダイソー  
排水口ネット付け方  
排水ロネットセリア",,,,,,,,,,,,,
"給湯器 補助金京都
給湯器 補助金 対象機種
給湯器 補助金2024
給湯器 補助金 2025 エコ
給湯器交換費用
給湯器交換補助金
給湯器交換時間
給湯器交換 自分で
給湯器交換業者ランキング
給湯器交換 どこに 頼む 知恵袋
給湯器交換資格
給湯器交換時期
給湯器交換勘定科目
給湯器 値段 相場
給湯器 値段 リンナイ
給湯器 値段ノーリツ
給湯器 値段 マンション
給湯器 値段 安い
給湯器値段大阪ガス
給湯器 値段 風呂
給湯器値段エコキュート
給湯器 値段 電気
給湯器 寿命ノーリツ
給湯器 寿命 戸建て
給湯器寿命
給湯器寿命30年
給湯器寿命20年
給湯器寿命症状
給湯器 寿命リンナイ
給湯器 寿命 サイン
給湯器寿命実際
給湯器交換費用戸建て
給湯器 交換 費用 マンション
給湯器交換費用20号
給湯器交換費用
給湯器交換費用相場
給湯器交換費用戸建て補助金
給湯器交換費用賃貸","【今すぐ客キーワード】
給湯器交換費用  
給湯器交換時間  
給湯器交換費用戸建て  
給湯器 交換 費用 マンション  
給湯器交換費用20号    
給湯器交換費用賃貸  
給湯器 値段 相場  
給湯器 値段 安い  
給湯器 値段 マンション  
給湯器 値段 風呂  
給湯器 値段 電気  
給湯器値段エコキュート

【後から客キーワード】
給湯器値段大阪ガス  
給湯器交換費用戸建て補助金  
給湯器交換費用相場
給湯器交換業者ランキング  
給湯器交換補助金  
給湯器 補助金京都  
給湯器 補助金 対象機種  
給湯器 補助金2024  
給湯器 補助金 2025 エコ  
給湯器交換 自分で   
給湯器交換 どこに 頼む 知恵袋  
給湯器交換資格  
給湯器交換時期  
給湯器交換勘定科目  
給湯器 値段 リンナイ  
給湯器 値段ノーリツ  
給湯器 寿命ノーリツ  
給湯器 寿命 戸建て  
給湯器寿命  
給湯器寿命30年  
給湯器寿命20年  
給湯器寿命症状  
給湯器 寿命リンナイ  
給湯器 寿命 サイン  
給湯器寿命実際  ",,,,,,,,,,,,,
"草刈り資格
草刈り 相場
草刈り鎌
草刈り機
草刈機レンタル
草刈機まさお
草刈り機自走式
草刈り機おすすめ
草刈機中古
草刈正雄娘
草刈正雄若い頃
草刈正雄妻
草刈正雄父親
草刈正雄 かつら
草刈正雄草刈機
草刈正雄ファミリーヒストリー
草刈正雄昔
草刈民代 バレエ
草刈民代旦那
草刈民代写真集
草刈民代 実家
草刈民代年齢
草刈民代血液型
草刈民代若い頃
草刈民代娘
草刈民代 何歳
草刈麻有整形
草刈麻有子供
草刈麻有旦那
草刈麻有 結婚
草刈麻有 彼氏
草刈麻有金八
草刈麻有 コンフィ
草刈麻有激太り
草刈麻有 現在
草刈機おすすめ充電式
草刈機おすすめメーカー
草刈機おすすめ女性","【今すぐ客キーワード】
草刈り 相場
草刈り機
草刈機レンタル
草刈り機自走式
草刈り機おすすめ
草刈機中古
草刈機おすすめ充電式
草刈機おすすめメーカー

【後から客キーワード】
草刈り鎌
草刈り資格 
草刈機まさお
草刈正雄草刈機
草刈機おすすめ女性
草刈正雄娘
草刈正雄若い頃
草刈正雄妻
草刈正雄父親
草刈正雄 かつら
草刈正雄ファミリーヒストリー
草刈正雄昔
草刈民代 バレエ
草刈民代旦那
草刈民代写真集
草刈民代 実家
草刈民代年齢
草刈民代血液型
草刈民代若い頃
草刈民代娘
草刈民代 何歳
草刈麻有整形
草刈麻有子供
草刈麻有旦那
草刈麻有 結婚
草刈麻有 彼氏
草刈麻有金八
草刈麻有 コンフィ
草刈麻有激太り
草刈麻有 現在",,,,,,,,,,,,,
"アスファルトフィニッシャー規格
アスファルトフィニッシャー 最小
アスファルトフィニッシャー 免許
アスファルトフィニッシャー45
アスファルトフィニッシャーとは
アスファルトフィニッシャー60
アスファルトフィニッシャー30
アスファルトフィニッシャートミカ
アスファルトフィニッシャー 始業前点検表
アスファルトシングル 施工方法
アスファルトシングル葺き
アスファルトシングル 塗装
アスファルトシングル 耐用年数
アスファルトシングル 屋根
アスファルトシングル 価格
アスファルトシングルメーカー
アスファルトシングル 施工マニュアル
アスファルトシングルアルマ
アスファルトルーフィングとは
アスファルトルーフィング940
アスファルトルーフィング 厚み
アスファルトルーフィングアスベスト
アスファルトルーフィング施工方法
アスファルトルーフィング 重ね幅
アスファルトルーフィング 耐用年数
アスファルトルーフィング940厚み
アスファルトルーフィング保管方法
アスファルト防水種類
アスファルト防水アスベスト
アスファルト防水施工手順
アスファルト防水 厚み
アスファルト防水耐用年数
アスファルト防水シート
アスファルト防水立上り納まり
アスファルト防水トップコート
アスファルト防水 トーチ工法
アスファルト補修材
アスファルト補修材おすすめ","【今すぐ客キーワード】
アスファルトシングル 塗装  
アスファルトシングル 屋根  
アスファルトシングル 価格  
アスファルト防水シート  
アスファルト防水トップコート  
アスファルト補修材  
アスファルト補修材おすすめ  
アスファルトルーフィング940

【後から客キーワード】
アスファルトフィニッシャー規格  
アスファルトフィニッシャー 最小  
アスファルトフィニッシャー 免許  
アスファルトフィニッシャー45  
アスファルトフィニッシャーとは  
アスファルトフィニッシャー60  
アスファルトフィニッシャー30  
アスファルトフィニッシャートミカ  
アスファルトフィニッシャー 始業前点検表  
アスファルトシングル 施工方法  
アスファルトシングル葺き  
アスファルトシングル 耐用年数  
アスファルトシングルメーカー  
アスファルトシングル 施工マニュアル  
アスファルトシングルアルマ  
アスファルトルーフィングとは  
アスファルトルーフィング 厚み  
アスファルトルーフィングアスベスト  
アスファルトルーフィング施工方法  
アスファルトルーフィング 重ね幅  
アスファルトルーフィング 耐用年数  
アスファルトルーフィング940厚み  
アスファルトルーフィング保管方法  
アスファルト防水種類  
アスファルト防水アスベスト  
アスファルト防水施工手順  
アスファルト防水 厚み  
アスファルト防水耐用年数  
アスファルト防水立上り納まり  
アスファルト防水 トーチ工法",,,,,,,,,,,,,
"雨漏り 原因
雨漏れ 雨漏り
雨漏り修理
雨漏り 英語
雨漏り読み方
雨漏り応急処置
雨漏り 補修
雨漏り修理費用
雨漏りイラスト
雨漏り修理コーキング
雨漏り修理 助成金
雨漏り修理 相場
雨漏り修理 火災保険
雨漏り修理いくら
雨漏り修理どこに頼む
雨漏り修理diy
雨漏り修理コーキング剤
雨漏り修理110番 口コミ
雨漏り診断士合格率
雨漏り診断士試験日
雨漏り診断士大阪
雨漏り診断士テキスト
雨漏り診断士 費用
雨漏り診断士過去問
雨漏り診断士とは
雨漏り診断士試験
雨漏り診断士難易度
雨漏り調査 費用
雨漏り調査色水
雨漏り調査会社
雨漏り調査サーモグラフィー
雨漏り調査方法
雨漏り調査士
雨漏り調査大阪
雨漏り調査報告書
雨漏り調査 自分で
雨漏りの夢夢占い
雨漏りの夢は","【今すぐ客キーワード】
雨漏り修理  
雨漏り応急処置  
雨漏り 補修  
雨漏り修理費用  
雨漏り修理コーキング  
雨漏り修理 相場  
雨漏り修理いくら  
雨漏り修理どこに頼む  
雨漏り調査 費用  
雨漏り調査会社  
雨漏り調査サーモグラフィー  
雨漏り調査大阪

【後から客キーワード】
雨漏り修理 助成金  
雨漏り修理 火災保険  
雨漏り 原因  
雨漏れ 雨漏り  
雨漏り 英語  
雨漏り読み方  
雨漏りイラスト  
雨漏り修理diy  
雨漏り修理コーキング剤  
雨漏り修理110番 口コミ  
雨漏り診断士合格率  
雨漏り診断士試験日  
雨漏り診断士大阪  
雨漏り診断士テキスト  
雨漏り診断士 費用  
雨漏り診断士過去問  
雨漏り診断士とは  
雨漏り診断士試験  
雨漏り診断士難易度  
雨漏り調査色水  
雨漏り調査方法  
雨漏り調査士  
雨漏り調査報告書  
雨漏り調査 自分で  
雨漏りの夢夢占い  
雨漏りの夢は",,,,,,,,,,,,,